movie_id,predicted_rating
50,5.0
72,5.0
262,5.0
174,5.0
305,5.0
296,5.0
128,5.0
187,4.999999999999999
81,4.999999999999999
12,4.999999999999999
